{"paths":{},"types":[],"uuids":["160tTuHchFS6OhLoXFBP2K","43Yktv2GtOuL0DvC+erm+a","a4ZFvlZopJkq6HutBP/yWX","f0BIwQ8D5Ml7nTNQbh1YlS","e97GVMl6JHh5Ml5qEDdSGa","29FYIk+N1GYaeWH/q1NxQO","51F69C3fNNjLWm3TKCjarh","b3frUI2PhA/oDzZmSNfXUS","b1ZH9+2qlHvrzC+Kg4ncaH","92CoCvYyhNa54mrCROHlxQ","66Kuh/7s5FO53CJbIXJoLx","cbnlhzZbhJTqMTRou8R5wT","2eFjWzkRJEmrjm/0d2uCx1","e8Ueib+qJEhL6mXAHdnwbi","b4P/PCArtIdIH38t6mlw8Y","71VhFCTINJM6/Ky3oX9nBT","0d63iBVi1Pd4NKLHPp+mFk","cdBhwHJ9tGGbYiQJSRPFbx","13MnG+9TdKBIHTZHwZL88A","09q6XdEvlOR7xev1MUSFTZ","f530dGDLtB6qWaRdrMbV9W","65/i787ZlJu7JFSPCHYAtf","0e0JEhMalJOIIT4TRXLAzS","a6T0Ft+dxMjY2sc4Cogdd1","85uJS71FNNrpr38h+D2x03","3dwHRToKFN+ahqwW5RxlsF","baJqKqkjpFTY2oYM5/RtIR","27XA7T5DRMNZBawmS5//0d","04ZZ0bnfBM+o9CeQ5E9YcP","ecpdLyjvZBwrvm+cedCcQy","92QqDNlrhBJ6ImmN9lq1vo","f7a2JyPiZOOLfdQNf4eu14","6bslJ/je9Bl6ZzLvX8vqqE","27X0WAQt1J8bcILPsH06Q7","cfuQoJUgpEP6jvQkWEqPbW","07iLr7YRxOU5bXlkYSuxoq","d5gFH5JzNDFLsjKaxfjsQZ","c5zXOlAZFOSLzezlwFG+u/","94//rF3VtDqoJUn6gePgJH","c93go4EUFOQ7N1znHFvS1F","98mVfpqDVMRYTNlmzaRjPc","0dv4ocot1L+L+I/5z23I17","76EoDfcdREdJ27+gopYKib","a42jcAnRNBWa4oZCkXiUs1","48OPvEWARLoLSjbijnXTAL","fcNN2bC8JCH60NCcQwxOWo","9d7OxBjJVC0LMWJTCIQUBX","d4RIXyiedGjJDGHoFzMG9V","36lRGbLiVE9Ir1btdGnZW8","68vN93jCZEpYQSYyc3BdpF","e6LhTWc+xMypq3AvQ8bKId","80ZR5iG01OQ6Y+xje7m0gs","cat4Hb4elDYZKV6l3eGMiC"],"scenes":{"db://assets/game.fire":0,"db://assets/menu.fire":1},"redirect":[29,0],"deps":["internal"],"packs":{"0cc61bfc1":[35,41,0,5,48,44,6,10,49,42,51,9,38,40,46,2,43,8,7,37,39,52,34,47,36,50,4,3,45],"01e354998":[33,5,1,6,32,30,2,4,3,31],"083207140":[28,19,16,22,18,27,12,25,21,15,24,23,14,26,11,17,13,20]},"name":"main","importBase":"import","nativeBase":"native","debug":false,"isZip":false,"encrypted":false,"versions":{"import":["01e354998","d546c","083207140","128fc","0cc61bfc1","47a87"],"native":[28,"fa6b0",19,"71da2",16,"cc0d4",22,"02678",18,"a15a9",27,"7a092",12,"5066b",25,"29d8d",21,"03acf",10,"19de1",15,"c06a9",24,"0c963",9,"e10fb",23,"93d2c",8,"99f49",7,"62625",14,"83fcc",26,"ade6b",11,"780c9",17,"f01e0",13,"90cf4",20,"3c80b"]}}