{"paths":{},"types":[],"uuids":["160tTuHchFS6OhLoXFBP2K","43Yktv2GtOuL0DvC+erm+a","b3frUI2PhA/oDzZmSNfXUS","b1ZH9+2qlHvrzC+Kg4ncaH","92CoCvYyhNa54mrCROHlxQ","66Kuh/7s5FO53CJbIXJoLx","a4ZFvlZopJkq6HutBP/yWX","f0BIwQ8D5Ml7nTNQbh1YlS","e97GVMl6JHh5Ml5qEDdSGa","29FYIk+N1GYaeWH/q1NxQO","51F69C3fNNjLWm3TKCjarh","09q6XdEvlOR7xev1MUSFTZ","13MnG+9TdKBIHTZHwZL88A","f530dGDLtB6qWaRdrMbV9W","65/i787ZlJu7JFSPCHYAtf","cbnlhzZbhJTqMTRou8R5wT","2eFjWzkRJEmrjm/0d2uCx1","e8Ueib+qJEhL6mXAHdnwbi","b4P/PCArtIdIH38t6mlw8Y","71VhFCTINJM6/Ky3oX9nBT","0d63iBVi1Pd4NKLHPp+mFk","cdBhwHJ9tGGbYiQJSRPFbx","0e0JEhMalJOIIT4TRXLAzS","27XA7T5DRMNZBawmS5//0d","a6T0Ft+dxMjY2sc4Cogdd1","85uJS71FNNrpr38h+D2x03","3dwHRToKFN+ahqwW5RxlsF","baJqKqkjpFTY2oYM5/RtIR","04ZZ0bnfBM+o9CeQ5E9YcP","ecpdLyjvZBwrvm+cedCcQy","cfuQoJUgpEP6jvQkWEqPbW","07iLr7YRxOU5bXlkYSuxoq","d5gFH5JzNDFLsjKaxfjsQZ","c5zXOlAZFOSLzezlwFG+u/","94//rF3VtDqoJUn6gePgJH","c93go4EUFOQ7N1znHFvS1F","98mVfpqDVMRYTNlmzaRjPc","0dv4ocot1L+L+I/5z23I17","76EoDfcdREdJ27+gopYKib","a42jcAnRNBWa4oZCkXiUs1","48OPvEWARLoLSjbijnXTAL","fcNN2bC8JCH60NCcQwxOWo","92QqDNlrhBJ6ImmN9lq1vo","f7a2JyPiZOOLfdQNf4eu14","6bslJ/je9Bl6ZzLvX8vqqE","27X0WAQt1J8bcILPsH06Q7","9d7OxBjJVC0LMWJTCIQUBX","80ZR5iG01OQ6Y+xje7m0gs","d4RIXyiedGjJDGHoFzMG9V","36lRGbLiVE9Ir1btdGnZW8","68vN93jCZEpYQSYyc3BdpF","e6LhTWc+xMypq3AvQ8bKId","cat4Hb4elDYZKV6l3eGMiC"],"scenes":{"db://assets/game.fire":0,"db://assets/menu.fire":1},"redirect":[29,0],"deps":["internal"],"packs":{"0cc61bfc1":[31,37,0,9,49,40,10,5,50,38,47,4,34,36,46,6,39,3,2,33,35,52,30,48,32,51,8,7,41],"01e354998":[45,9,1,10,44,42,6,8,7,43],"083207140":[28,11,20,22,12,23,16,26,14,19,25,24,18,27,15,21,17,13]},"name":"main","importBase":"import","nativeBase":"native","debug":false,"isZip":false,"encrypted":false,"versions":{"import":["01e354998","8690f","083207140","128fc","0cc61bfc1","67188"],"native":[28,"fa6b0",11,"71da2",20,"cc0d4",22,"02678",12,"a15a9",23,"7a092",16,"5066b",26,"29d8d",14,"03acf",5,"19de1",19,"c06a9",25,"0c963",4,"e10fb",24,"93d2c",3,"99f49",2,"62625",18,"83fcc",27,"ade6b",15,"780c9",21,"f01e0",17,"90cf4",13,"3c80b"]}}