[1,["ecpdLyjvZBwrvm+cedCcQy","f0BIwQ8D5Ml7nTNQbh1YlS","e97GVMl6JHh5Ml5qEDdSGa","29FYIk+N1GYaeWH/q1NxQO","27X0WAQt1J8bcILPsH06Q7","f7a2JyPiZOOLfdQNf4eu14","71VhFCTINJM6/Ky3oX9nBT","a4ZFvlZopJkq6HutBP/yWX","92QqDNlrhBJ6ImmN9lq1vo","6bslJ/je9Bl6ZzLvX8vqqE","51F69C3fNNjLWm3TKCjarh","cdBhwHJ9tGGbYiQJSRPFbx","0d63iBVi1Pd4NKLHPp+mFk","2eFjWzkRJEmrjm/0d2uCx1","cbnlhzZbhJTqMTRou8R5wT","b4P/PCArtIdIH38t6mlw8Y","e8Ueib+qJEhL6mXAHdnwbi"],["node","_spriteFrame","_textureSetter","_N$normalSprite","_N$pressedSprite","_N$hoverSprite","_N$disabledSprite","_parent","thinking","root","_N$target","target","data","scene","_defaultClip"],[["cc.Node",["_name","_objFlags","_opacity","_id","_active","_components","_contentSize","_parent","_trs","_children","_color","_prefab"],-2,9,5,1,7,2,5,4],"cc.SpriteFrame",["cc.Label",["_string","_N$horizontalAlign","_N$verticalAlign","_fontSize","_enableWrapText","_N$overflow","_N$cacheMode","_styleFlags","node","_materials"],-5,1,3],["cc.PrefabInfo",["fileId","root"],2,1],["cc.Sprite",["_sizeMode","_type","node","_materials","_spriteFrame"],1,1,3,6],["cc.Widget",["_alignFlags","alignMode","_originalWidth","_originalHeight","node"],-1,1],["cc.Animation",["playOnLoad","node","_clips","_defaultClip"],2,1,3,6],["cc.Prefab",["_name"],2],["cc.Button",["_N$transition","node","clickEvents","_N$normalColor","_N$pressedColor","_N$disabledColor","_N$target","_N$normalSprite","_N$pressedSprite","_N$hoverSprite","_N$disabledSprite"],2,1,9,5,5,5,1,6,6,6,6],["cc.ClickEvent",["_componentId","handler","target"],1,1],["f9b5axF0elCCoHg4JfIrkj5",["node","thinking"],3,1,6],["cc.SceneAsset",["_name","asyncLoadAssets"],1],["cc.Canvas",["node","_designResolution"],3,1,5],["cc.Scene",["_name","_active","_children","_anchorPoint","_trs"],1,2,5,7],["cc.Camera",["_clearFlags","_depth","node"],1,1],["cc.AnimationClip",["_name","_duration","wrapMode","curveData"],-1]],[[4,0,2,3,4,2],[0,0,7,9,5,6,8,2],[8,0,1,2,3,4,5,6,7,8,9,10,2],[9,0,1,2,3],[4,1,0,2,3,4,3],[5,1,0,2,3,4,5],[0,0,1,4,9,5,6,4],[0,0,2,7,5,6,8,3],[0,0,1,7,5,10,6,3],[0,0,7,5,10,6,8,2],[10,0,1,1],[3,0,1,2],[2,0,3,4,1,2,5,6,8,9,8],[7,0,2],[0,0,9,5,11,6,8,2],[0,0,1,2,7,9,5,11,10,6,4],[0,0,1,7,5,11,10,6,3],[0,0,3,9,5,6,8,3],[0,0,7,5,2],[0,0,7,5,6,8,2],[3,1,1],[5,0,4,2],[2,0,3,4,7,1,2,5,6,8,9,9],[2,0,1,2,8,9,4],[2,0,3,1,2,8,9,5],[11,0,1,3],[12,0,1,1],[6,1,1],[6,0,1,2,3,2],[13,0,1,2,3,4,3],[14,0,1,2,3],[15,0,1,2,3,5]],[[[[13,"button"],[14,"button",[-6],[[2,2,-4,[[3,"f9b5axF0elCCoHg4JfIrkj5","loadmenu",-3]],[4,4293322470],[4,4291348680],[4,3363338360],-2,3,4,5,6],[10,-5,7]],[20,-1],[5,582,222],[-3,-11,0,0,0,0,1,1,1,1]],[15,"Background",512,234.60000000000002,1,[-9],[[4,1,0,-7,[1],2],[5,0,45,100,40,-8]],[11,"eck0YAVCNOH4kioN+VnIvg",1],[4,4289323657],[5,582,222]],[16,"Label",512,2,[[22,"Khi vào game sẽ xuất hiện 1 số và sau\nvài giây sẽ xuất hiện số thứ 2, so \nsánh số1 & số2, nếu số 2 > số1 thì: \nvuốt lên và ngược lại !!. \nchúc bạn chơi vui vui @@",30,false,2,1,1,1,1,-10,[0]]],[11,"4eX+7le8RGdIaFTM1FEMwz",1],[4,4278190080],[5,540,187]]],0,[0,9,1,0,10,2,0,11,1,0,0,1,0,0,1,0,-1,2,0,0,2,0,0,2,0,-1,3,0,0,3,0,12,1,10],[0,0,0,0,0,0,0,0],[-1,-1,1,3,4,5,6,8],[0,0,1,1,2,1,3,4]],[[{"name":"default_btn_disabled","rect":[0,0,40,40],"offset":[0,0],"originalSize":[40,40],"capInsets":[12,12,12,12]}],[1],0,[0],[2],[6]],[[[25,"menu",null],[17,"Canvas","06du1NL69Efq1fmZnlgaVX",[-4,-5,-6,-7,-8,-9,-10,-11],[[26,-1,[5,1280,720]],[21,45,-2],[10,-3,26]],[5,1280,720],[640,360,0,0,0,0,1,1,1,1]],[6,"Background",512,false,[-14],[[4,1,0,-12,[7],8],[5,0,45,100,40,-13]],[5,130.1,122.1]],[6,"Background",512,false,[-17],[[4,1,0,-15,[18],19],[5,0,45,100,40,-16]],[5,268,101]],[7,"blue_bg",190.48499999999999,1,[[0,0,-18,[0],1],[27,-19]],[5,1358,793],[-12,9,0,0,0,0,1,1,1,1]],[7,"up-and-down",190.48499999999999,1,[[0,0,-20,[2],3],[28,true,-21,[5],4]],[5,681,371],[39.991,134.664,0,0,0,0,1,1,1,1]],[1,"button",1,[2],[[2,2,-22,[[3,"f9b5axF0elCCoHg4JfIrkj5","think",1]],[4,4293322470],[4,4291348680],[4,3363338360],2,9,10,11,12]],[5,130.1,122.1],[542.2,275.7,0,0,0,0,1,1,1,1]],[1,"play",1,[-24],[[0,0,-23,[24],25]],[5,68,96],[27.614,-148.857,0,0,0,0,1,1,1,1]],[1,"button",7,[3],[[2,2,-25,[[3,"f9b5axF0elCCoHg4JfIrkj5","loadgame",1]],[4,4293322470],[4,4291348680],[4,3363338360],3,20,21,22,23]],[5,140,97],[-11,-1,0,0,0,0,1,1,1,1]],[29,"New Node",false,[1],[0,0,0],[0,0,0,0,0,0,1,1,1,1]],[18,"Main Camera",1,[[30,7,-1,-26]]],[8,"Label",512,2,[[12,"button",20,false,1,1,1,1,-27,[6]]],[4,4278190080],[5,100,40]],[19,"thinking",1,[[0,0,-28,[13],14]],[5,117,117],[541.529,275.276,0,0,0,0,1,1,1,1]],[9,"label",1,[[23,"tutorial",1,1,-29,[15]]],[4,4279232470],[5,120.06,50.4],[543.587,207.862,0,0,0,0,1,1,1,1]],[9,"label",1,[[24,"pt 1.1.0",28,1,1,-30,[16]]],[4,4278190594],[5,93.41,50.4],[0,-330.414,0,0,0,0,1,1,1,1]],[8,"Label",512,3,[[12,"button",20,false,1,1,1,1,-31,[17]]],[4,4278190080],[5,100,40]]],0,[0,0,1,0,0,1,0,0,1,0,-1,10,0,-2,4,0,-3,5,0,-4,6,0,-5,12,0,-6,13,0,-7,14,0,-8,7,0,0,2,0,0,2,0,-1,11,0,0,3,0,0,3,0,-1,15,0,0,4,0,0,4,0,0,5,0,0,5,0,0,6,0,0,7,0,-1,8,0,0,8,0,0,10,0,0,11,0,0,12,0,0,13,0,0,14,0,0,15,0,13,9,1,7,9,2,7,6,3,7,8,31],[0,0,0,0,0,0,0,0,0,0,0,0,0,0,0,0,0,0,0,0,0,0,0,0,0,0,0],[-1,1,-1,1,14,-1,-1,-1,1,3,4,5,6,-1,1,-1,-1,-1,-1,1,3,4,5,6,-1,1,8],[0,7,0,8,5,5,0,0,1,1,2,1,3,0,9,0,0,0,0,1,1,2,1,3,0,10,4]],[[{"name":"play","rect":[53,0,407,512],"offset":[0.5,0],"originalSize":[512,512],"capInsets":[0,0,0,0]}],[1],0,[0],[2],[11]],[[{"name":"thinking","rect":[0,0,512,512],"offset":[0,0],"originalSize":[512,512],"capInsets":[0,0,0,0]}],[1],0,[0],[2],[12]],[[{"name":"up-and-down","rect":[72,72,403,367],"offset":[17.5,0.5],"originalSize":[512,512],"capInsets":[0,0,0,0]}],[1],0,[0],[2],[13]],[[{"name":"blu1_bg","rect":[0,0,1920,1080],"offset":[0,0],"originalSize":[1920,1080],"capInsets":[0,0,0,0]}],[1],0,[0],[2],[14]],[[{"name":"default_btn_pressed","rect":[0,0,40,40],"offset":[0,0],"originalSize":[40,40],"capInsets":[12,12,12,12]}],[1],0,[0],[2],[15]],[[{"name":"default_btn_normal","rect":[0,0,40,40],"offset":[0,0],"originalSize":[40,40],"capInsets":[12,12,12,12]}],[1],0,[0],[2],[16]],[[[31,"updown",0.25,2,{"props":{"width":[{"frame":0,"value":682},{"frame":0.08333333333333333,"value":670},{"frame":0.16666666666666666,"value":665},{"frame":0.25,"value":660}],"height":[]}}]],0,0,[],[],[]]]]