[1,["ecpdLyjvZBwrvm+cedCcQy","f0BIwQ8D5Ml7nTNQbh1YlS","c5zXOlAZFOSLzezlwFG+u/","e6LhTWc+xMypq3AvQ8bKId","d5gFH5JzNDFLsjKaxfjsQZ","94//rF3VtDqoJUn6gePgJH","c93go4EUFOQ7N1znHFvS1F","0dv4ocot1L+L+I/5z23I17","e97GVMl6JHh5Ml5qEDdSGa","29FYIk+N1GYaeWH/q1NxQO","d4RIXyiedGjJDGHoFzMG9V","9d7OxBjJVC0LMWJTCIQUBX","09q6XdEvlOR7xev1MUSFTZ","cfuQoJUgpEP6jvQkWEqPbW","07iLr7YRxOU5bXlkYSuxoq","98mVfpqDVMRYTNlmzaRjPc","76EoDfcdREdJ27+gopYKib","a42jcAnRNBWa4oZCkXiUs1","48OPvEWARLoLSjbijnXTAL","fcNN2bC8JCH60NCcQwxOWo","b3frUI2PhA/oDzZmSNfXUS","b1ZH9+2qlHvrzC+Kg4ncaH","92CoCvYyhNa54mrCROHlxQ","66Kuh/7s5FO53CJbIXJoLx","71VhFCTINJM6/Ky3oX9nBT","85uJS71FNNrpr38h+D2x03","80ZR5iG01OQ6Y+xje7m0gs","cdBhwHJ9tGGbYiQJSRPFbx","3dwHRToKFN+ahqwW5RxlsF","68vN93jCZEpYQSYyc3BdpF","51F69C3fNNjLWm3TKCjarh","a4ZFvlZopJkq6HutBP/yWX","27XA7T5DRMNZBawmS5//0d","f530dGDLtB6qWaRdrMbV9W","65/i787ZlJu7JFSPCHYAtf","0e0JEhMalJOIIT4TRXLAzS","cbnlhzZbhJTqMTRou8R5wT","36lRGbLiVE9Ir1btdGnZW8","04ZZ0bnfBM+o9CeQ5E9YcP","13MnG+9TdKBIHTZHwZL88A","a6T0Ft+dxMjY2sc4Cogdd1","baJqKqkjpFTY2oYM5/RtIR","b4P/PCArtIdIH38t6mlw8Y","e8Ueib+qJEhL6mXAHdnwbi","cat4Hb4elDYZKV6l3eGMiC"],["node","_spriteFrame","_textureSetter","root","data","_defaultClip","label","_parent","number","_N$target","_N$normalSprite","_N$pressedSprite","_N$hoverSprite","_N$disabledSprite","labeltutorial","labeltime","scene","numberab","blu_bg","congratu","plus1","movehand","audio","audiolost","audiowin","audiosai"],[["cc.Node",["_name","_groupIndex","_opacity","_objFlags","_id","_active","_components","_contentSize","_parent","_trs","_prefab","_children","_color","_eulerAngles"],-3,9,5,1,7,4,2,5,5],"cc.SpriteFrame",["cc.Label",["_string","_N$horizontalAlign","_N$verticalAlign","_fontSize","_styleFlags","_enableWrapText","_N$overflow","_N$cacheMode","node","_materials"],-5,1,3],["cc.Widget",["_alignFlags","_originalWidth","_originalHeight","alignMode","node"],-1,1],["cc.Sprite",["_sizeMode","_type","node","_materials","_spriteFrame"],1,1,3,6],["cc.AnimationClip",["_name","_duration","curveData","wrapMode"],-1],["cc.Node",["_name","_objFlags","_parent","_components","_color","_contentSize","_trs","_children"],1,1,2,5,5,7,2],["cc.PrefabInfo",["fileId","root"],2,1],["cc.AnimationClip",["_name","_duration","wrapMode","curveData"],0,11],["cc.SceneAsset",["_name","asyncLoadAssets"],1],["cc.Node",["_name","_parent","_components","_color","_contentSize","_trs"],2,1,12,5,5,7],["cc.Canvas",["node","_designResolution"],3,1,5],["efcf9hXYQBE/5SMtItmhLwf",["node","label","labeltime","labeltutorial","number","numberab","blu_bg","congratu","plus1","movehand","audio","audiolost","audiowin","audiosai"],3,1,1,1,1,6,6,6,6,6,6,6,6,6,6],["02fd59LHjRGW4qK3Z++6ljm",["node","label"],3,1,1],["cc.Animation",["playOnLoad","node","_clips","_defaultClip"],2,1,3,6],["cc.Scene",["_name","_active","_children","_anchorPoint","_trs"],1,2,5,7],["cc.Camera",["_clearFlags","_depth","node"],1,1],["96e81JiJMdDhqO05a0hTkT8",["node","label","number"],3,1,1,6],["cc.Prefab",["_name"],2],["cc.AudioClip",["_name","_native","duration"],0],["f9b5axF0elCCoHg4JfIrkj5",["node"],3,1],["cc.Button",["_N$transition","node","clickEvents","_N$normalColor","_N$pressedColor","_N$disabledColor","_N$target","_N$normalSprite","_N$pressedSprite","_N$hoverSprite","_N$disabledSprite"],2,1,9,5,5,5,1,6,6,6,6],["cc.ClickEvent",["_componentId","handler","target"],1,1]],[[7,0,1,2],[4,0,2,3,4,2],[0,0,8,6,10,12,7,9,2],[0,0,8,6,10,7,9,2],[18,0,2],[7,1,1],[2,0,4,1,2,8,9,5],[19,0,1,2,4],[0,0,11,6,10,7,9,2],[0,0,8,11,6,10,7,9,2],[4,2,3,4,1],[2,0,1,2,8,9,4],[14,0,1,2,3,2],[16,0,1,2,3],[0,0,2,8,6,7,9,3],[0,0,3,5,8,11,6,10,7,4],[0,0,3,8,6,10,12,7,3],[0,0,8,6,10,9,2],[0,0,1,8,6,10,12,7,3],[3,0,4,2],[3,3,0,1,2,4,5],[4,1,0,2,3,4,3],[2,0,3,4,1,2,8,9,6],[2,0,3,5,1,2,6,7,8,9,8],[21,0,1,2,3,4,5,6,7,8,9,10,2],[22,0,1,2,3],[5,0,1,2,4],[5,0,1,3,2,5],[8,0,1,2,3,4],[9,0,1,3],[0,0,4,11,6,7,9,3],[0,0,8,6,7,2],[0,0,8,6,7,9,2],[0,0,2,8,6,7,9,13,3],[0,0,8,6,2],[0,0,1,8,6,3],[0,0,2,1,11,6,10,12,7,9,4],[0,0,1,8,6,10,12,7,9,3],[0,0,1,11,6,10,7,3],[0,0,6,10,7,9,13,2],[10,0,1,2,3,4,5,2],[6,0,1,2,7,3,4,5,6,3],[6,0,2,3,4,5,6,2],[11,0,1,1],[3,0,1,2,4,4],[12,0,1,2,3,4,5,6,7,8,9,10,11,12,13,1],[13,0,1,1],[2,0,3,1,2,8,9,5],[15,0,1,2,3,4,3],[17,0,1,2,1],[20,0,1]],[[[{"name":"money","rect":[0,27,512,458],"offset":[0,0],"originalSize":[512,512],"capInsets":[0,0,0,0]}],[1],0,[0],[2],[12]],[[[26,"down",3,{"props":{"y":[{"frame":0,"value":-165},{"frame":1.5,"value":-190},{"frame":3,"value":-165}]}}]],0,0,[],[],[]],[[[29,"game",null],[30,"Canvas","fbLcmI6vpBnYIrJfyk2/fH",[-7,-8,-9,-10,-11,-12,-13,-14,-15],[[43,-1,[5,1280,720]],[19,45,-2],[45,-6,-5,-4,-3,20,21,22,23,24,25,26,27,28,29]],[5,1280,720],[640,360,0,0,0,0,1,1,1,1]],[31,"background",1,[[1,0,-16,[0],1],[44,45,1327,767,-17]],[5,1280,720]],[40,"time",1,[[-18,[46,-20,-19]],1,4],[4,4278190082],[5,155.7,50.4],[-416.409,301.515,0,0,0,0,1,1,1,1]],[11,"00:00:60",1,1,3,[2]],[41,"score",512,1,[-22],[-21],[4,4284211727],[5,44.0722624567956,50.4],[578.21,318.164,0,0,0,0,1,1,1,1]],[32,"score",5,[[1,0,-23,[4],5],[12,true,-24,[7],6]],[5,70,70],[-64.756,-1,0,0,0,0,1,1,1,1]],[6,":0",3,1,1,5,[8]],[14,"arrow-up",61.199999999999996,1,[[1,0,-25,[10],11],[12,true,-26,[13],12]],[5,70,100],[0,170.096,0,0,0,0,1,1,1,1]],[33,"arrow-down",76.5,1,[[1,0,-27,[16],17],[12,true,-28,[19],18]],[5,70,100],[0,-170,0,0,0,1,6.123233995736766e-17,1,1,1],[1,0,0,180]],[48,"New Node",false,[1],[0,0,0],[0,0,0,0,0,0,1,1,1,1]],[34,"Main Camera",1,[[13,7,-1,-29]]],[42,"\btutorial",1,[-30],[4,4287442260],[5,38.4378280709945,50.4],[-388.583,0,0,0,0,0,1,1,1,1]],[22,"a",50,3,1,1,12,[3]],[35,"number-manager",1,1,[[49,-31,7,9]]],[14,"stopwatch",207.315,1,[[1,0,-32,[14],15]],[5,106,106],[-565.55,307.329,0,0,0,0,1,1,1,1]]],0,[0,0,1,0,0,1,0,14,13,0,15,4,0,6,7,0,0,1,0,-1,11,0,-2,2,0,-3,3,0,-4,12,0,-5,5,0,-6,14,0,-7,8,0,-8,15,0,-9,9,0,0,2,0,0,2,0,-1,4,0,6,4,0,0,3,0,-1,7,0,-1,6,0,0,6,0,0,6,0,0,8,0,0,8,0,0,9,0,0,9,0,0,11,0,-1,13,0,0,14,0,0,15,0,16,10,1,7,10,32],[0,0,0,0,0,0,0,0,0,0,0,0,0,0,0,0,0,0,0,0,0,0,0,0,0,0,0,0,0,0],[-1,1,-1,-1,-1,1,5,-1,-1,8,-1,1,5,-1,-1,1,-1,1,5,-1,8,17,18,19,20,21,22,23,24,25],[0,13,0,0,0,14,4,4,0,2,0,5,6,6,0,15,0,5,7,7,2,2,16,17,18,19,20,21,22,23]],[[{"name":"default_btn_disabled","rect":[0,0,40,40],"offset":[0,0],"originalSize":[40,40],"capInsets":[12,12,12,12]}],[1],0,[0],[2],[24]],[[{"name":"fire-cracker","rect":[24,17,471,471],"offset":[3.5,3.5],"originalSize":[512,512],"capInsets":[0,0,0,0]}],[1],0,[0],[2],[25]],[[[4,"plus-one"],[36,"plus-one",170,2,[-3],[[1,0,-2,[1],2]],[5,-1],[4,4280342737],[5,70,70],[463.67,254.703,0,0,0,0,1,1,1,1]],[37,"label",2,1,[[11,"+",1,1,-4,[0]]],[0,"70u3p967xKRqO4y/FQBYMO",1],[4,4280405606],[5,23.36,50.4],[-46,0,0,0,0,0,1,1,1,1]]],0,[0,3,1,0,0,1,0,-1,2,0,0,2,0,4,1,4],[0,0,0],[-1,-1,1],[0,0,26]],[[{"name":"play","rect":[53,0,407,512],"offset":[0.5,0],"originalSize":[512,512],"capInsets":[0,0,0,0]}],[1],0,[0],[2],[27]],[[[7,"sai",".mp3",1.3472],-1],0,0,[],[],[]],[[{"name":"home","rect":[0,0,512,512],"offset":[0,0],"originalSize":[512,512],"capInsets":[0,0,0,0]}],[1],0,[0],[2],[28]],[[[4,"blue_bg"],[8,"blue_bg",[-4,-5,-6,-7,-8,-9,-10,-11,-12,-13],[[1,0,-2,[28],29],[50,-3]],[5,-1],[5,700,500],[-5,5.646,0,0,0,0,1,1,1,1]],[8,"button",[-17],[[24,2,-16,[[25,"f9b5axF0elCCoHg4JfIrkj5","loadmenu",1]],[4,4293322470],[4,4291348680],[4,3363338360],-15,6,7,8,9]],[0,"33TVgeFAhHAo5kvi5Blvzc",-14],[5,70,70],[-0.949,-1.231,0,0,0,0,1,1,1,1]],[9,"button",1,[-21],[[24,2,-20,[[25,"f9b5axF0elCCoHg4JfIrkj5","loadgame",1]],[4,4293322470],[4,4291348680],[4,3363338360],-19,15,16,17,18]],[0,"d7Jf9EtpVLbrpnF1rPapW/",-18],[5,68,63],[63,-75,0,0,0,0,1,1,1,1]],[15,"Background",512,false,2,[-24],[[21,1,0,-22,[4],5],[20,0,45,100,40,-23]],[0,"abgf9KGgdMsahHlBHOj/Jv",2],[5,70,70]],[15,"Background",512,false,3,[-27],[[21,1,0,-25,[13],14],[20,0,45,100,40,-26]],[0,"abgf9KGgdMsahHlBHOj/Jv",3],[5,68,63]],[2,"highscore",1,[[6," High Score",1,1,1,-29,[2]]],[0,"f4jOm4g8BK/a5hRtYzBEo/",-28],[4,4279950822],[5,222.27,50.4],[0,-7.883,0,0,0,0,1,1,1,1]],[9,"home",1,[2],[[1,0,-30,[10],11]],[0,"b9+0mtjhBCpb+kKXmiKNxb",1],[5,70,70],[-7.615,-144.353,0,0,0,0,1,1,1,1]],[9,"play",1,[-32],[[1,0,-31,[20],21]],[0,"e6zbsTSIFLQ5Hc0wBYBgm1",1],[5,62,64],[66.389,-76,0,0,0,0,1,1,1,1]],[2,"label",1,[[22,"Game Over !!!",50,1,1,1,-33,[0]]],[0,"c4sjZjPVpNwKFzcyAroDw2",1],[4,4286783726],[5,330.66,50.4],[-6,132.522,0,0,0,0,1,1,1,1]],[2,"ketqua",1,[[6," Score :0",1,1,1,-34,[1]]],[0,"6aVaBh9lZHcZy3ot0bIuw1",1],[4,4279703515],[5,168.96,50.4],[4.814,66.902,0,0,0,0,1,1,1,1]],[16,"Label",512,4,[[23,"button",20,false,1,1,1,1,-35,[3]]],[0,"89ZOGI9GxIA7ukuWhMzutw",2],[4,4278190080],[5,100,40]],[17,"Main Camera",1,[[13,7,-1,-36]],[0,"eeWqhdXkJI5ZaVgrhZXXq5",1],[-0.066,0,365.46272,0,0,0,1,1,1,1]],[16,"Label",512,5,[[23,"button",20,false,1,1,1,1,-37,[12]]],[0,"89ZOGI9GxIA7ukuWhMzutw",3],[4,4278190080],[5,100,40]],[2,"label",8,[[47,"Chơi Lại",30,1,1,-38,[19]]],[0,"81xED5H6VPyLzSwNroXTy5",1],[4,4278716475],[5,113.06,50.4],[-95.615,1.546,0,0,0,0,1,1,1,1]],[3,"star1",1,[[10,-39,[22],23]],[0,"41orgbsH9JHrKbhxyKIIKw",1],[5,64,62],[-110.423,180,0,0,0,0,1,1,1,1]],[2,"star2",1,[[10,-40,[24],25]],[0,"adjpMgz7pKw7Ojv0GtT89n",1],[4,4284769387],[5,64,62],[93.232,180,0,0,0,0,1,1,1,1]],[3,"star3",1,[[10,-41,[26],27]],[0,"05VRBqz+NMPoQcsB7vP8QM",1],[5,64,62],[-9.519,190,0,0,0,0,1,1,1,1]]],0,[0,3,1,0,0,1,0,0,1,0,-1,9,0,-2,10,0,-3,6,0,-4,7,0,-5,12,0,-6,3,0,-7,8,0,-8,15,0,-9,16,0,-10,17,0,3,2,0,9,4,0,0,2,0,-1,4,0,3,3,0,9,5,0,0,3,0,-1,5,0,0,4,0,0,4,0,-1,11,0,0,5,0,0,5,0,-1,13,0,3,6,0,0,6,0,0,7,0,0,8,0,-1,14,0,0,9,0,0,10,0,0,11,0,0,12,0,0,13,0,0,14,0,0,15,0,0,16,0,0,17,0,4,1,2,7,7,41],[0,0,0,0,0,0,0,0,0,0,0,0,0,0,0,0,0,0,0,0,0,0,0,0,0,0,0,0,0,0],[-1,-1,-1,-1,-1,1,10,11,12,13,-1,1,-1,-1,1,10,11,12,13,-1,-1,1,-1,1,-1,1,-1,1,-1,1],[0,0,0,0,0,1,1,8,1,9,0,29,0,0,1,1,8,1,9,0,0,30,0,3,0,3,0,3,0,31]],[[{"name":"one","rect":[0,113,512,286],"offset":[0,0],"originalSize":[512,512],"capInsets":[0,0,0,0]}],[1],0,[0],[2],[32]],[[[7,"success-1-6297",".mp3",3.36],-1],0,0,[],[],[]],[[{"name":"arrow-up","rect":[118,0,276,512],"offset":[0,0],"originalSize":[512,512],"capInsets":[0,0,0,0]}],[1],0,[0],[2],[33]],[[{"name":"stopwatch","rect":[5,0,502,512],"offset":[0,0],"originalSize":[512,512],"capInsets":[0,0,0,0]}],[1],0,[0],[2],[34]],[[{"name":"polygon","rect":[42,68,428,376],"offset":[0,0],"originalSize":[512,512],"capInsets":[0,0,0,0]}],[1],0,[0],[2],[35]],[[{"name":"blu1_bg","rect":[0,0,1920,1080],"offset":[0,0],"originalSize":[1920,1080],"capInsets":[0,0,0,0]}],[1],0,[0],[2],[36]],[[[4,"congratulation"],[8,"congratulation",[-3,-4,-5,-6,-7],[[19,45,-2]],[5,-1],[5,960,640],[480,320,0,0,0,0,1,1,1,1]],[3,"confetti",1,[[1,0,-8,[0],1]],[0,"5alnIaIM9O2ZYoW0RrfjgY",1],[5,90,90],[338.254,250,0,0,0,0,1,1,1,1]],[2,"label",1,[[11," veryy good !!",1,1,-9,[2]]],[0,"70pMUT53lLZbt/Bi3/k6Fm",1],[4,4290158521],[5,240.12,50.4],[380.856,16.704,0,0,0,0,1,1,1,1]],[3,"confetti",1,[[1,0,-10,[3],4]],[0,"323NMcQVVLTqY28HKCGLJm",1],[5,90,90],[527.692,250.473,0,0,0,0,1,1,1,1]],[3,"fire-cracker",1,[[1,0,-11,[5],6]],[0,"c7HdbEusJBCpqrxltQ4XB+",1],[5,120,120],[417.244,137.74,0,0,0,0,1,1,1,1]],[17,"Main Camera",1,[[13,7,-1,-12]],[0,"22He0fkAxOlavJAfORkPM5",1],[0,0,365.46272039703314,0,0,0,1,1,1,1]]],0,[0,3,1,0,0,1,0,-1,2,0,-2,3,0,-3,4,0,-4,5,0,-5,6,0,0,2,0,0,3,0,0,4,0,0,5,0,0,6,0,4,1,12],[0,0,0,0,0,0,0],[-1,1,-1,-1,1,-1,1],[0,10,0,0,10,0,37]],[[[7,"gameover",".mp3",21.368163],-1],0,0,[],[],[]],[[[7,"BGM 03",".mp3",15.386122],-1],0,0,[],[],[]],[[[4,"number"],[38,"number",1,[-3,-4],[[1,0,-2,[3],4]],[5,-1],[5,220,180]],[18,"polygon",1,1,[[1,0,-5,[0],1]],[0,"173D0t0+xNYrVXL8ALrVbm",1],[4,4294769919],[5,160,150]],[18,"label",1,1,[[6,"100",1,1,1,-6,[2]]],[0,"84z+2avipAHK1nJD+5rDQQ",1],[4,4278190080],[5,66.74,50.4]]],0,[0,3,1,0,0,1,0,-1,2,0,-2,3,0,0,2,0,0,3,0,4,1,6],[0,0,0,0,0],[-1,1,-1,-1,1],[0,11,0,0,11]],[[[28,"up",3,0,[{},"props",11,[{"y":[{"frame":0,"value":165},{"frame":1.5,"value":190},{"frame":3,"value":165}]},"color",12,[[[{"frame":0},"value",8,[4,4294967295]],[{"frame":2.933333333333333},"value",8,[4,4294769919]],[{"frame":3},"value",8,[4,4294769919]]],11,11,11]]]]],0,0,[],[],[]],[[{"name":"move","rect":[12,6,37,53],"offset":[-1.5,-0.5],"originalSize":[64,64],"capInsets":[0,0,0,0]}],[1],0,[0],[2],[38]],[[{"name":"blu_gr","rect":[0,0,626,426],"offset":[0,0],"originalSize":[626,426],"capInsets":[0,0,0,0]}],[1],0,[0],[2],[39]],[[{"name":"confetti","rect":[0,0,512,512],"offset":[0,0],"originalSize":[512,512],"capInsets":[0,0,0,0]}],[1],0,[0],[2],[40]],[[[27,"score",1,2,{"props":{"width":[{"frame":0,"value":71},{"frame":1,"value":75}],"height":[{"frame":0,"value":71},{"frame":1,"value":75}]}}]],0,0,[],[],[]],[[{"name":"star (1)","rect":[0,1,64,62],"offset":[0,0],"originalSize":[64,64],"capInsets":[0,0,0,0]}],[1],0,[0],[2],[41]],[[{"name":"default_btn_pressed","rect":[0,0,40,40],"offset":[0,0],"originalSize":[40,40],"capInsets":[12,12,12,12]}],[1],0,[0],[2],[42]],[[{"name":"default_btn_normal","rect":[0,0,40,40],"offset":[0,0],"originalSize":[40,40],"capInsets":[12,12,12,12]}],[1],0,[0],[2],[43]],[[[4,"move"],[39,"move",[[1,0,-2,[0],1]],[5,-1],[5,60,80],[300,0,0,0,0,0.7071067811865475,0.7071067811865476,1,1,1],[1,0,0,90]]],0,[0,3,1,0,0,1,0,4,1,2],[0,0],[-1,1],[0,44]]]]